{
  "initial": {
    "c_equiv_uf": 0.8333333333333333,
    "q_total_uc": 166.66666666666666,
    "voltage_v": 200.0,
    "energy_j": 0.016666666666666663
  },
  "node_solution": {
    "va_v": 0.5384615384615384,
    "vb_v": 0.6153846153846154,
    "q_left_uc": 0.8461538461538461,
    "c_equiv_uf": 0.8461538461538461
  },
  "final": {
    "c_equiv_uf": 0.8461538461538461,
    "q_total_uc": 166.66666666666666,
    "voltage_v": 196.96969696969697,
    "energy_j": 0.016414141414141412
  },
  "delta_energy_j": -0.0002525252525252507
}
